ユーザー名	アカウントID	希望キャスト
池田かなで	@vrc_5000	WWW,AAA,RRR,CCC
橋本のぞみ	@game_5001	KKK,TTT,BBB
石川ましろ	@play_5002	GGG,TTT
前田あかり	@star_5003	FFF,RRR
藤田れいな	@moon_5004	UUU,FFF
小川だいき	@sun_5005	BBB,YYY
後藤つむぎ	@sky_5006	CCC
岡田めい	@cat_5007	YYY,UUU
長谷川ふうか	@fox_5008	YYY,GGG,WWW
村上りお	@bear_5009	QQQ,AAA
近藤ひなた	@vrc_5010	KKK,WWW,UUU,CCC
石井しゅん	@game_5011	QQQ
斎藤みお	@play_5012	KKK,DDD
坂本みずき	@star_5013	GGG,QQQ,AAA
遠藤たいが	@moon_5014	DDD
藤井ゆうき	@sun_5015	FFF
青木いつき	@sky_5016	HHH,GGG,AAA
西村ともや	@cat_5017	GGG,UUU
福田れん	@fox_5018	TTT
太田あおい	@bear_5019	BBB,FFF,DDD
三浦ちひろ	@vrc_5020	GGG,JJJ
藤原こはる	@game_5021	CCC
岡本ななみ	@play_5022	JJJ,QQQ
松田さら	@star_5023	CCC,GGG
中川はると	@moon_5024	UUU,QQQ
竹内はやと	@sun_5025	BBB,YYY
金子かいと	@sky_5026	FFF,TTT,BBB
和田まい	@cat_5027	JJJ,CCC
中野けい	@fox_5028	GGG
原田るい	@bear_5029	FFF,GGG
河野せい	@vrc_5030	WWW,KKK,TTT
小野りょう	@game_5031	HHH,TTT
田村ゆう	@play_5032	FFF,JJJ,CCC
上田なお	@star_5033	YYY,BBB
新井まさき	@moon_5034	JJJ,GGG
丸山ゆうと	@sun_5035	CCC,YYY,HHH,RRR
大野ほのか	@sky_5036	FFF,UUU
高木ひまり	@cat_5037	GGG,CCC
菅原そうた	@fox_5038	GGG,WWW,QQQ
酒井しょうた	@bear_5039	BBB,FFF,DDD,JJJ
宮本ゆうな	@vrc_5040	DDD,AAA,YYY
安藤ことね	@game_5041	YYY,BBB
馬場みなと	@play_5042	CCC,HHH
野口けんた	@star_5043	HHH,TTT,UUU
柴田そうま	@moon_5044	RRR,KKK,JJJ
島田はるか	@sun_5045	BBB,CCC,RRR
渡部そら	@sky_5046	GGG,UUU
野村ゆい	@cat_5047	KKK,FFF
森田りく	@fox_5048	GGG,DDD
工藤さくら	@bear_5049	TTT,HHH,YYY
佐藤あやね	@vrc_5050	AAA,UUU
鈴木こうき	@game_5051	YYY,UUU,DDD,FFF
高橋みさき	@play_5052	QQQ,TTT,UUU
田中あいり	@star_5053	RRR,WWW
伊藤たくみ	@moon_5054	FFF,AAA
渡辺こうへい	@sun_5055	RRR,TTT,HHH
山本かなで	@sky_5056	UUU,WWW
中村のぞみ	@cat_5057	GGG,QQQ,AAA,HHH
小林ましろ	@fox_5058	DDD,YYY
加藤あかり	@bear_5059	FFF,YYY,TTT
吉田れいな	@vrc_5060	WWW,GGG
山田だいき	@game_5061	RRR,FFF
佐々木つむぎ	@play_5062	JJJ,WWW,AAA
松本めい	@star_5063	CCC,GGG
井上ふうか	@moon_5064	QQQ,TTT,YYY,JJJ
木村りお	@sun_5065	WWW,KKK
林ひなた	@sky_5066	DDD,KKK,WWW
清水しゅん	@cat_5067	KKK,YYY
山口みお	@fox_5068	WWW,QQQ,CCC
阿部みずき	@bear_5069	YYY
池田たいが	@vrc_5070	HHH
橋本ゆうき	@game_5071	QQQ,RRR
石川いつき	@play_5072	TTT,YYY,BBB
前田ともや	@star_5073	DDD,JJJ,WWW
藤田れん	@moon_5074	KKK,BBB,UUU
小川あおい	@sun_5075	JJJ,TTT
後藤ちひろ	@sky_5076	GGG,TTT,AAA
岡田こはる	@cat_5077	TTT,BBB,KKK
長谷川ななみ	@fox_5078	GGG,AAA,YYY
村上さら	@bear_5079	CCC,UUU
近藤はると	@vrc_5080	UUU,QQQ,FFF
石井はやと	@game_5081	HHH
斎藤かいと	@play_5082	WWW,TTT,BBB
坂本まい	@star_5083	CCC,RRR
遠藤けい	@moon_5084	DDD,RRR,WWW,FFF
藤井るい	@sun_5085	GGG,FFF
青木せい	@sky_5086	WWW
西村りょう	@cat_5087	FFF,JJJ,RRR
福田ゆう	@fox_5088	CCC,FFF,HHH
太田なお	@bear_5089	JJJ
三浦まさき	@vrc_5090	BBB,CCC
藤原ゆうと	@game_5091	WWW
岡本ほのか	@play_5092	DDD,GGG,HHH
松田ひまり	@star_5093	FFF,GGG,HHH
中川そうた	@moon_5094	RRR,DDD
竹内しょうた	@sun_5095	RRR,JJJ,DDD
金子ゆうな	@sky_5096	CCC,JJJ
和田ことね	@cat_5097	HHH,KKK
中野みなと	@fox_5098	HHH,WWW,AAA
原田けんた	@bear_5099	BBB,HHH
河野そうま	@vrc_5100	DDD,TTT
小野はるか	@game_5101	GGG,RRR,KKK
田村そら	@play_5102	HHH,KKK
上田ゆい	@star_5103	QQQ,FFF
新井りく	@moon_5104	UUU
丸山さくら	@sun_5105	AAA,CCC
大野あやね	@sky_5106	CCC,JJJ
高木こうき	@cat_5107	FFF,YYY,UUU
菅原みさき	@fox_5108	DDD,TTT,QQQ
酒井あいり	@bear_5109	CCC,UUU,DDD
宮本たくみ	@vrc_5110	WWW,DDD,UUU
安藤こうへい	@game_5111	YYY
馬場かなで	@play_5112	BBB,GGG
野口のぞみ	@star_5113	HHH
柴田ましろ	@moon_5114	BBB,CCC,AAA
島田あかり	@sun_5115	WWW,HHH
渡部れいな	@sky_5116	KKK,HHH,QQQ
野村だいき	@cat_5117	BBB,TTT,UUU
森田つむぎ	@fox_5118	YYY,WWW,TTT
工藤めい	@bear_5119	GGG,JJJ,FFF
佐藤ふうか	@vrc_5120	BBB
鈴木りお	@game_5121	UUU,AAA,FFF
高橋ひなた	@play_5122	CCC,FFF
田中しゅん	@star_5123	WWW,YYY,CCC
伊藤みお	@moon_5124	CCC,HHH
渡辺みずき	@sun_5125	TTT,RRR,QQQ
山本たいが	@sky_5126	UUU
中村ゆうき	@cat_5127	TTT,AAA,CCC
小林いつき	@fox_5128	JJJ,YYY,TTT,BBB
加藤ともや	@bear_5129	WWW
吉田れん	@vrc_5130	UUU,HHH,RRR
山田あおい	@game_5131	JJJ,FFF
佐々木ちひろ	@play_5132	RRR,GGG,HHH
松本こはる	@star_5133	RRR,UUU
井上ななみ	@moon_5134	QQQ,GGG,DDD,YYY
木村さら	@sun_5135	TTT,WWW
林はると	@sky_5136	KKK,WWW
清水はやと	@cat_5137	HHH,UUU,YYY
山口かいと	@fox_5138	KKK
阿部まい	@bear_5139	YYY,WWW,QQQ
池田けい	@vrc_5140	GGG,BBB,TTT
橋本るい	@game_5141	KKK,CCC,WWW
石川せい	@play_5142	WWW,DDD,FFF
前田りょう	@star_5143	HHH
藤田ゆう	@moon_5144	WWW,RRR
小川なお	@sun_5145	AAA,QQQ,RRR
後藤まさき	@sky_5146	KKK,AAA,QQQ
岡田ゆうと	@cat_5147	JJJ,KKK,HHH,AAA
長谷川ほのか	@fox_5148	GGG,BBB,YYY,JJJ
村上ひまり	@bear_5149	CCC,JJJ,TTT,QQQ
近藤そうた	@vrc_5150	CCC,QQQ,WWW
石井しょうた	@game_5151	RRR,JJJ,AAA
斎藤ゆうな	@play_5152	CCC,YYY
坂本ことね	@star_5153	BBB,GGG,RRR
遠藤みなと	@moon_5154	QQQ
藤井けんた	@sun_5155	KKK
青木そうま	@sky_5156	FFF
西村はるか	@cat_5157	RRR,KKK
福田そら	@fox_5158	YYY
太田ゆい	@bear_5159	QQQ,HHH
三浦りく	@vrc_5160	JJJ,KKK
藤原さくら	@game_5161	GGG
岡本あやね	@play_5162	UUU
松田こうき	@star_5163	WWW
中川みさき	@moon_5164	CCC,JJJ
竹内あいり	@sun_5165	HHH,UUU
金子たくみ	@sky_5166	RRR,TTT,JJJ,QQQ
和田こうへい	@cat_5167	AAA,FFF,RRR
中野かなで	@fox_5168	WWW,YYY
原田のぞみ	@bear_5169	YYY,JJJ
河野ましろ	@vrc_5170	FFF,RRR,KKK,BBB
小野あかり	@game_5171	QQQ
田村れいな	@play_5172	QQQ
上田だいき	@star_5173	GGG,WWW,TTT
新井つむぎ	@moon_5174	JJJ,BBB
丸山めい	@sun_5175	QQQ,BBB
大野ふうか	@sky_5176	FFF,YYY,TTT
高木りお	@cat_5177	YYY,AAA
菅原ひなた	@fox_5178	RRR,CCC,BBB
酒井しゅん	@bear_5179	DDD,BBB,YYY
宮本みお	@vrc_5180	RRR,AAA
安藤みずき	@game_5181	UUU,BBB,KKK
馬場たいが	@play_5182	BBB,KKK
野口ゆうき	@star_5183	QQQ,DDD,AAA
柴田いつき	@moon_5184	TTT,WWW,JJJ,GGG
島田ともや	@sun_5185	FFF,GGG,WWW,DDD
渡部れん	@sky_5186	UUU,KKK,TTT
野村あおい	@cat_5187	FFF
森田ちひろ	@fox_5188	CCC
工藤こはる	@bear_5189	TTT,AAA
佐藤ななみ	@vrc_5190	GGG,DDD,CCC,RRR
鈴木さら	@game_5191	UUU,GGG,HHH
高橋はると	@play_5192	QQQ,RRR,DDD
田中はやと	@star_5193	JJJ,CCC,QQQ
伊藤かいと	@moon_5194	DDD,BBB
渡辺まい	@sun_5195	JJJ,DDD,WWW,GGG
山本けい	@sky_5196	UUU,HHH,RRR
中村るい	@cat_5197	QQQ,CCC,YYY
小林せい	@fox_5198	HHH,BBB
加藤りょう	@bear_5199	QQQ
