ユーザー名,アカウントID,希望キャスト
池田かなで,@vrc_5000,"ヌウア,柘榴_ざくろ,めび,ニャンツァー"
橋本のぞみ,@game_5001,"ばも,Diefuku,なんこつ"
石川ましろ,@play_5002,"ばじばじ,Diefuku"
前田あかり,@star_5003,"ぷりも,めび"
藤田れいな,@moon_5004,"るびちゃ,ぷりも"
小川だいき,@sun_5005,"なんこつ,moku"
後藤つむぎ,@sky_5006,ニャンツァー
岡田めい,@cat_5007,"moku,るびちゃ"
長谷川ふうか,@fox_5008,"moku,ばじばじ,ヌウア"
村上りお,@bear_5009,"ちるちる,柘榴_ざくろ"
近藤ひなた,@vrc_5010,"ばも,ヌウア,るびちゃ,ニャンツァー"
石井しゅん,@game_5011,ちるちる
斎藤みお,@play_5012,"ばも,ふぃり"
坂本みずき,@star_5013,"ばじばじ,ちるちる,柘榴_ざくろ"
遠藤たいが,@moon_5014,ふぃり
藤井ゆうき,@sun_5015,ぷりも
青木いつき,@sky_5016,"れあちーず,ばじばじ,柘榴_ざくろ"
西村ともや,@cat_5017,"ばじばじ,るびちゃ"
福田れん,@fox_5018,Diefuku
太田あおい,@bear_5019,"なんこつ,ぷりも,ふぃり"
三浦ちひろ,@vrc_5020,"ばじばじ,なゆたの"
藤原こはる,@game_5021,ニャンツァー
岡本ななみ,@play_5022,"なゆたの,ちるちる"
松田さら,@star_5023,"ニャンツァー,ばじばじ"
中川はると,@moon_5024,"るびちゃ,ちるちる"
竹内はやと,@sun_5025,"なんこつ,moku"
金子かいと,@sky_5026,"ぷりも,Diefuku,なんこつ"
和田まい,@cat_5027,"なゆたの,ニャンツァー"
中野けい,@fox_5028,ばじばじ
原田るい,@bear_5029,"ぷりも,ばじばじ"
河野せい,@vrc_5030,"ヌウア,ばも,Diefuku"
小野りょう,@game_5031,"れあちーず,Diefuku"
田村ゆう,@play_5032,"ぷりも,なゆたの,ニャンツァー"
上田なお,@star_5033,"moku,なんこつ"
新井まさき,@moon_5034,"なゆたの,ばじばじ"
丸山ゆうと,@sun_5035,"ニャンツァー,moku,れあちーず,めび"
大野ほのか,@sky_5036,"ぷりも,るびちゃ"
高木ひまり,@cat_5037,"ばじばじ,ニャンツァー"
菅原そうた,@fox_5038,"ばじばじ,ヌウア,ちるちる"
酒井しょうた,@bear_5039,"なんこつ,ぷりも,ふぃり,なゆたの"
宮本ゆうな,@vrc_5040,"ふぃり,柘榴_ざくろ,moku"
安藤ことね,@game_5041,"moku,なんこつ"
馬場みなと,@play_5042,"ニャンツァー,れあちーず"
野口けんた,@star_5043,"れあちーず,Diefuku,るびちゃ"
柴田そうま,@moon_5044,"めび,ばも,なゆたの"
島田はるか,@sun_5045,"なんこつ,ニャンツァー,めび"
渡部そら,@sky_5046,"ばじばじ,るびちゃ"
野村ゆい,@cat_5047,"ばも,ぷりも"
森田りく,@fox_5048,"ばじばじ,ふぃり"
工藤さくら,@bear_5049,"Diefuku,れあちーず,moku"
佐藤あやね,@vrc_5050,"柘榴_ざくろ,るびちゃ"
鈴木こうき,@game_5051,"moku,るびちゃ,ふぃり,ぷりも"
高橋みさき,@play_5052,"ちるちる,Diefuku,るびちゃ"
田中あいり,@star_5053,"めび,ヌウア"
伊藤たくみ,@moon_5054,"ぷりも,柘榴_ざくろ"
渡辺こうへい,@sun_5055,"めび,Diefuku,れあちーず"
山本かなで,@sky_5056,"るびちゃ,ヌウア"
中村のぞみ,@cat_5057,"ばじばじ,ちるちる,柘榴_ざくろ,れあちーず"
小林ましろ,@fox_5058,"ふぃり,moku"
加藤あかり,@bear_5059,"ぷりも,moku,Diefuku"
吉田れいな,@vrc_5060,"ヌウア,ばじばじ"
山田だいき,@game_5061,"めび,ぷりも"
佐々木つむぎ,@play_5062,"なゆたの,ヌウア,柘榴_ざくろ"
松本めい,@star_5063,"ニャンツァー,ばじばじ"
井上ふうか,@moon_5064,"ちるちる,Diefuku,moku,なゆたの"
木村りお,@sun_5065,"ヌウア,ばも"
林ひなた,@sky_5066,"ふぃり,ばも,ヌウア"
清水しゅん,@cat_5067,"ばも,moku"
山口みお,@fox_5068,"ヌウア,ちるちる,ニャンツァー"
阿部みずき,@bear_5069,moku
池田たいが,@vrc_5070,れあちーず
橋本ゆうき,@game_5071,"ちるちる,めび"
石川いつき,@play_5072,"Diefuku,moku,なんこつ"
前田ともや,@star_5073,"ふぃり,なゆたの,ヌウア"
藤田れん,@moon_5074,"ばも,なんこつ,るびちゃ"
小川あおい,@sun_5075,"なゆたの,Diefuku"
後藤ちひろ,@sky_5076,"ばじばじ,Diefuku,柘榴_ざくろ"
岡田こはる,@cat_5077,"Diefuku,なんこつ,ばも"
長谷川ななみ,@fox_5078,"ばじばじ,柘榴_ざくろ,moku"
村上さら,@bear_5079,"ニャンツァー,るびちゃ"
近藤はると,@vrc_5080,"るびちゃ,ちるちる,ぷりも"
石井はやと,@game_5081,れあちーず
斎藤かいと,@play_5082,"ヌウア,Diefuku,なんこつ"
坂本まい,@star_5083,"ニャンツァー,めび"
遠藤けい,@moon_5084,"ふぃり,めび,ヌウア,ぷりも"
藤井るい,@sun_5085,"ばじばじ,ぷりも"
青木せい,@sky_5086,ヌウア
西村りょう,@cat_5087,"ぷりも,なゆたの,めび"
福田ゆう,@fox_5088,"ニャンツァー,ぷりも,れあちーず"
太田なお,@bear_5089,なゆたの
三浦まさき,@vrc_5090,"なんこつ,ニャンツァー"
藤原ゆうと,@game_5091,ヌウア
岡本ほのか,@play_5092,"ふぃり,ばじばじ,れあちーず"
松田ひまり,@star_5093,"ぷりも,ばじばじ,れあちーず"
中川そうた,@moon_5094,"めび,ふぃり"
竹内しょうた,@sun_5095,"めび,なゆたの,ふぃり"
金子ゆうな,@sky_5096,"ニャンツァー,なゆたの"
和田ことね,@cat_5097,"れあちーず,ばも"
中野みなと,@fox_5098,"れあちーず,ヌウア,柘榴_ざくろ"
原田けんた,@bear_5099,"なんこつ,れあちーず"
河野そうま,@vrc_5100,"ふぃり,Diefuku"
小野はるか,@game_5101,"ばじばじ,めび,ばも"
田村そら,@play_5102,"れあちーず,ばも"
上田ゆい,@star_5103,"ちるちる,ぷりも"
新井りく,@moon_5104,るびちゃ
丸山さくら,@sun_5105,"柘榴_ざくろ,ニャンツァー"
大野あやね,@sky_5106,"ニャンツァー,なゆたの"
高木こうき,@cat_5107,"ぷりも,moku,るびちゃ"
菅原みさき,@fox_5108,"ふぃり,Diefuku,ちるちる"
酒井あいり,@bear_5109,"ニャンツァー,るびちゃ,ふぃり"
宮本たくみ,@vrc_5110,"ヌウア,ふぃり,るびちゃ"
安藤こうへい,@game_5111,moku
馬場かなで,@play_5112,"なんこつ,ばじばじ"
野口のぞみ,@star_5113,れあちーず
柴田ましろ,@moon_5114,"なんこつ,ニャンツァー,柘榴_ざくろ"
島田あかり,@sun_5115,"ヌウア,れあちーず"
渡部れいな,@sky_5116,"ばも,れあちーず,ちるちる"
野村だいき,@cat_5117,"なんこつ,Diefuku,るびちゃ"
森田つむぎ,@fox_5118,"moku,ヌウア,Diefuku"
工藤めい,@bear_5119,"ばじばじ,なゆたの,ぷりも"
佐藤ふうか,@vrc_5120,なんこつ
鈴木りお,@game_5121,"るびちゃ,柘榴_ざくろ,ぷりも"
高橋ひなた,@play_5122,"ニャンツァー,ぷりも"
田中しゅん,@star_5123,"ヌウア,moku,ニャンツァー"
伊藤みお,@moon_5124,"ニャンツァー,れあちーず"
渡辺みずき,@sun_5125,"Diefuku,めび,ちるちる"
山本たいが,@sky_5126,るびちゃ
中村ゆうき,@cat_5127,"Diefuku,柘榴_ざくろ,ニャンツァー"
小林いつき,@fox_5128,"なゆたの,moku,Diefuku,なんこつ"
加藤ともや,@bear_5129,ヌウア
吉田れん,@vrc_5130,"るびちゃ,れあちーず,めび"
山田あおい,@game_5131,"なゆたの,ぷりも"
佐々木ちひろ,@play_5132,"めび,ばじばじ,れあちーず"
松本こはる,@star_5133,"めび,るびちゃ"
井上ななみ,@moon_5134,"ちるちる,ばじばじ,ふぃり,moku"
木村さら,@sun_5135,"Diefuku,ヌウア"
林はると,@sky_5136,"ばも,ヌウア"
清水はやと,@cat_5137,"れあちーず,るびちゃ,moku"
山口かいと,@fox_5138,ばも
阿部まい,@bear_5139,"moku,ヌウア,ちるちる"
池田けい,@vrc_5140,"ばじばじ,なんこつ,Diefuku"
橋本るい,@game_5141,"ばも,ニャンツァー,ヌウア"
石川せい,@play_5142,"ヌウア,ふぃり,ぷりも"
前田りょう,@star_5143,れあちーず
藤田ゆう,@moon_5144,"ヌウア,めび"
小川なお,@sun_5145,"柘榴_ざくろ,ちるちる,めび"
後藤まさき,@sky_5146,"ばも,柘榴_ざくろ,ちるちる"
岡田ゆうと,@cat_5147,"なゆたの,ばも,れあちーず,柘榴_ざくろ"
長谷川ほのか,@fox_5148,"ばじばじ,なんこつ,moku,なゆたの"
村上ひまり,@bear_5149,"ニャンツァー,なゆたの,Diefuku,ちるちる"
近藤そうた,@vrc_5150,"ニャンツァー,ちるちる,ヌウア"
石井しょうた,@game_5151,"めび,なゆたの,柘榴_ざくろ"
斎藤ゆうな,@play_5152,"ニャンツァー,moku"
坂本ことね,@star_5153,"なんこつ,ばじばじ,めび"
遠藤みなと,@moon_5154,ちるちる
藤井けんた,@sun_5155,ばも
青木そうま,@sky_5156,ぷりも
西村はるか,@cat_5157,"めび,ばも"
福田そら,@fox_5158,moku
太田ゆい,@bear_5159,"ちるちる,れあちーず"
三浦りく,@vrc_5160,"なゆたの,ばも"
藤原さくら,@game_5161,ばじばじ
岡本あやね,@play_5162,るびちゃ
松田こうき,@star_5163,ヌウア
中川みさき,@moon_5164,"ニャンツァー,なゆたの"
竹内あいり,@sun_5165,"れあちーず,るびちゃ"
金子たくみ,@sky_5166,"めび,Diefuku,なゆたの,ちるちる"
和田こうへい,@cat_5167,"柘榴_ざくろ,ぷりも,めび"
中野かなで,@fox_5168,"ヌウア,moku"
原田のぞみ,@bear_5169,"moku,なゆたの"
河野ましろ,@vrc_5170,"ぷりも,めび,ばも,なんこつ"
小野あかり,@game_5171,ちるちる
田村れいな,@play_5172,ちるちる
上田だいき,@star_5173,"ばじばじ,ヌウア,Diefuku"
新井つむぎ,@moon_5174,"なゆたの,なんこつ"
丸山めい,@sun_5175,"ちるちる,なんこつ"
大野ふうか,@sky_5176,"ぷりも,moku,Diefuku"
高木りお,@cat_5177,"moku,柘榴_ざくろ"
菅原ひなた,@fox_5178,"めび,ニャンツァー,なんこつ"
酒井しゅん,@bear_5179,"ふぃり,なんこつ,moku"
宮本みお,@vrc_5180,"めび,柘榴_ざくろ"
安藤みずき,@game_5181,"るびちゃ,なんこつ,ばも"
馬場たいが,@play_5182,"なんこつ,ばも"
野口ゆうき,@star_5183,"ちるちる,ふぃり,柘榴_ざくろ"
柴田いつき,@moon_5184,"Diefuku,ヌウア,なゆたの,ばじばじ"
島田ともや,@sun_5185,"ぷりも,ばじばじ,ヌウア,ふぃり"
渡部れん,@sky_5186,"るびちゃ,ばも,Diefuku"
野村あおい,@cat_5187,ぷりも
森田ちひろ,@fox_5188,ニャンツァー
工藤こはる,@bear_5189,"Diefuku,柘榴_ざくろ"
佐藤ななみ,@vrc_5190,"ばじばじ,ふぃり,ニャンツァー,めび"
鈴木さら,@game_5191,"るびちゃ,ばじばじ,れあちーず"
高橋はると,@play_5192,"ちるちる,めび,ふぃり"
田中はやと,@star_5193,"なゆたの,ニャンツァー,ちるちる"
伊藤かいと,@moon_5194,"ふぃり,なんこつ"
渡辺まい,@sun_5195,"なゆたの,ふぃり,ヌウア,ばじばじ"
山本けい,@sky_5196,"るびちゃ,れあちーず,めび"
中村るい,@cat_5197,"ちるちる,ニャンツァー,moku"
小林せい,@fox_5198,"れあちーず,なんこつ"
加藤りょう,@bear_5199,ちるちる
